b94acdb4-869e-4763-b7b9-3f0656af667a,Cora.Parisian81,Muriel Ziemann,Ernestina.Howe@yahoo.com,t,20728ca4-6409-4550-99af-956756991ac8,https://cloudflare-ipfs.com/ipfs/Qmd3W5DuhgHirLHGVixi6V76LhCkZUz6pnFt5AJBiyvHye/avatar/803.jpg,,f,1,2022-09-05 22:34:19.933-03,2022-09-05 22:34:19.933-03
35bcbc84-cb04-43b7-acbd-73a723470b5d,Marianna.Dicki80,Mr. Kara Cassin,Manley46@gmail.com,t,2a30dc6b-610a-4c3b-9e17-601ccdba30fa,https://cloudflare-ipfs.com/ipfs/Qmd3W5DuhgHirLHGVixi6V76LhCkZUz6pnFt5AJBiyvHye/avatar/823.jpg,,t,1,2022-09-05 22:39:47.709-03,2022-09-05 22:39:47.709-03
b4333694-6cd7-4460-88d8-71fdbda05390,Raegan8,Mattie McKenzie,Ruthe25@yahoo.com,t,aeda0742-b604-4269-b31f-f2d25a041a88,https://cloudflare-ipfs.com/ipfs/Qmd3W5DuhgHirLHGVixi6V76LhCkZUz6pnFt5AJBiyvHye/avatar/881.jpg,,f,1,2022-09-05 22:40:18.118-03,2022-09-05 22:40:18.118-03
39b2b03e-1a6b-44db-a93f-59232f0045bb,Alda.Morissette,Lucas Harris,Jamir82@hotmail.com,t,ba959646-1a20-439c-ad00-7ea326f1eac0,https://cloudflare-ipfs.com/ipfs/Qmd3W5DuhgHirLHGVixi6V76LhCkZUz6pnFt5AJBiyvHye/avatar/316.jpg,,f,1,2022-09-05 22:40:28.131-03,2022-09-05 22:40:28.131-03
8da00b55-11cd-4bab-b19f-d3e508c5f048,Bailey_Corkery,Alejandro Wiegand,Skye.Bode45@hotmail.com,f,e97521ef-f563-412d-a9c1-c6b981befeb4,https://cloudflare-ipfs.com/ipfs/Qmd3W5DuhgHirLHGVixi6V76LhCkZUz6pnFt5AJBiyvHye/avatar/1115.jpg,,t,1,2022-09-05 22:40:39.752-03,2022-09-05 22:40:39.752-03
e650ed7b-a43f-4280-bfc2-029a69624a53,Camille.Fisher75,Jim Cummings,Armani.Mueller@hotmail.com,t,31410000-b9f5-491e-a7a3-baabd8b83dc3,https://cloudflare-ipfs.com/ipfs/Qmd3W5DuhgHirLHGVixi6V76LhCkZUz6pnFt5AJBiyvHye/avatar/445.jpg,,f,1,2022-09-05 22:40:49.45-03,2022-09-05 22:40:49.45-03
d1239689-45d0-4492-bd8a-880294a6c40e,Amira_Hickle,Mr. Diane Gleichner,Lucie_Kohler0@gmail.com,f,ca0f4387-118b-40ef-9699-88a3defe03ee,https://cloudflare-ipfs.com/ipfs/Qmd3W5DuhgHirLHGVixi6V76LhCkZUz6pnFt5AJBiyvHye/avatar/563.jpg,,t,1,2022-09-05 22:41:59.231-03,2022-09-05 22:41:59.231-03
d48f0883-19b9-4e34-aa34-f36815d42766,Tillman.Cronin90,Rosa Schulist,Lauryn.Johnston61@yahoo.com,t,85aa2636-aa27-4e0b-a930-23d8c33c560b,https://cloudflare-ipfs.com/ipfs/Qmd3W5DuhgHirLHGVixi6V76LhCkZUz6pnFt5AJBiyvHye/avatar/786.jpg,,t,1,2022-09-05 22:47:31.612-03,2022-09-05 22:47:31.612-03
cf9bc9f0-5731-4375-9fed-8d3fb98db605,Lucienne.Hartmann,Julie Jacobi I,Baylee99@gmail.com,f,1ef4c703-5b38-453c-9b81-64b2b1f2b492,https://cloudflare-ipfs.com/ipfs/Qmd3W5DuhgHirLHGVixi6V76LhCkZUz6pnFt5AJBiyvHye/avatar/1016.jpg,,t,1,2022-09-05 22:47:39.721-03,2022-09-05 22:47:39.721-03
d5cd32a0-26ae-4b8f-9511-ac21131a5b9d,Ruthie13,Juan O'Kon,Lionel.Cole@hotmail.com,f,5f1394b9-96f0-4424-977c-d0bf72fc646a,https://cloudflare-ipfs.com/ipfs/Qmd3W5DuhgHirLHGVixi6V76LhCkZUz6pnFt5AJBiyvHye/avatar/166.jpg,,f,1,2022-09-05 22:47:47.505-03,2022-09-05 22:47:47.505-03
b74443a9-53db-41f5-9b70-bf8bb0f08c18,Rachael_Welch,Alfred Crist,Gunnar.Gibson@gmail.com,f,be4b97ce-a624-49df-a74f-a6e6ea85bcbf,https://cloudflare-ipfs.com/ipfs/Qmd3W5DuhgHirLHGVixi6V76LhCkZUz6pnFt5AJBiyvHye/avatar/510.jpg,,f,1,2022-09-05 22:47:58.8-03,2022-09-05 22:47:58.8-03
1c7d5c3c-5bdf-47c1-b35e-2f190026c602,Caleb_Hand64,Robyn Jones,Graham_Marvin63@yahoo.com,t,5035220f-ef8b-480e-a990-5d68e5c8da54,https://cloudflare-ipfs.com/ipfs/Qmd3W5DuhgHirLHGVixi6V76LhCkZUz6pnFt5AJBiyvHye/avatar/1104.jpg,,f,1,2022-09-05 22:48:07.435-03,2022-09-05 22:48:07.435-03
3040055e-ef3e-49bb-9f42-9f0d9d2ef138,Tierra18,Spencer Sauer,Colton.Bergstrom88@yahoo.com,f,b1af71e9-1edd-42d5-bd02-1502d055e371,https://cloudflare-ipfs.com/ipfs/Qmd3W5DuhgHirLHGVixi6V76LhCkZUz6pnFt5AJBiyvHye/avatar/668.jpg,,f,1,2022-09-05 22:48:16.78-03,2022-09-05 22:48:16.78-03
3f2946de-1bae-4076-8afe-1a7a4f862736,Joesph.Heathcote,Ms. Rogelio Howe,Monserrat.Grimes40@gmail.com,t,f25cfcdd-a550-4fad-92f6-99dc2d012f50,https://cloudflare-ipfs.com/ipfs/Qmd3W5DuhgHirLHGVixi6V76LhCkZUz6pnFt5AJBiyvHye/avatar/408.jpg,,f,1,2022-09-05 22:48:25.246-03,2022-09-05 22:48:25.246-03
a8d7f6ae-0e99-444a-aafe-29b0a1ec0618,Neha.Steuber61,Shawna Dickinson IV,Javier_Hyatt98@gmail.com,f,25b146c8-f82d-4b74-bfd9-b122f8def813,https://cloudflare-ipfs.com/ipfs/Qmd3W5DuhgHirLHGVixi6V76LhCkZUz6pnFt5AJBiyvHye/avatar/16.jpg,,f,1,2022-09-05 22:48:32.603-03,2022-09-05 22:48:32.603-03
64865eec-07df-4d75-89f0-7f2e3f1444cc,Esmeralda.Waelchi3,Delia Carter,Estell19@hotmail.com,f,a0dbc60e-f746-45c7-b103-ec479785dc18,https://cloudflare-ipfs.com/ipfs/Qmd3W5DuhgHirLHGVixi6V76LhCkZUz6pnFt5AJBiyvHye/avatar/587.jpg,,f,1,2022-09-05 22:48:42.9-03,2022-09-05 22:48:42.9-03
a84650dd-3a6f-4d58-b6af-49a3f5ce86d7,Ignacio67,Mattie Becker,Vincenza.Durgan@yahoo.com,f,65adfba0-d479-43e7-924c-2f8bf79dc17c,https://cloudflare-ipfs.com/ipfs/Qmd3W5DuhgHirLHGVixi6V76LhCkZUz6pnFt5AJBiyvHye/avatar/124.jpg,,t,1,2022-09-05 22:48:50.136-03,2022-09-05 22:48:50.136-03
960eec20-0ade-45f7-bb3b-b3b28fe14d43,Junior.Grimes,Joann Skiles,Katheryn30@hotmail.com,f,a16cf00f-f9c0-4d59-8edf-85f7d71ac15a,https://cloudflare-ipfs.com/ipfs/Qmd3W5DuhgHirLHGVixi6V76LhCkZUz6pnFt5AJBiyvHye/avatar/1112.jpg,,t,1,2022-09-05 22:48:59.059-03,2022-09-05 22:48:59.059-03
035dcd05-0330-437a-93ec-6feca3fbb8ce,Laurence_Prohaska96,Tabitha Ernser,Shayne_Pfannerstill20@gmail.com,t,5c314e56-12b9-4554-b169-9ce47bedc31c,https://cloudflare-ipfs.com/ipfs/Qmd3W5DuhgHirLHGVixi6V76LhCkZUz6pnFt5AJBiyvHye/avatar/441.jpg,,f,1,2022-09-05 22:49:06.989-03,2022-09-05 22:49:06.989-03
94f1c695-b23f-4bc1-882b-9bd0acbfb9e6,Dakota_Sanford84,Freda Monahan,Vladimir2@gmail.com,f,8c74866d-c843-4ad1-9b4b-140d4c6a6ecb,https://cloudflare-ipfs.com/ipfs/Qmd3W5DuhgHirLHGVixi6V76LhCkZUz6pnFt5AJBiyvHye/avatar/59.jpg,,f,1,2022-09-05 22:49:19.239-03,2022-09-05 22:49:19.239-03
ce22429c-0291-4c87-9ec3-efec90b31986,Edyth_Goyette12,Mr. Joanne Cartwright,Henriette.OReilly70@hotmail.com,t,87db9521-866f-43f3-b08d-e4e67096334a,https://cloudflare-ipfs.com/ipfs/Qmd3W5DuhgHirLHGVixi6V76LhCkZUz6pnFt5AJBiyvHye/avatar/1026.jpg,,t,1,2022-09-05 22:49:27.369-03,2022-09-05 22:49:27.369-03
783b8179-e62e-4f40-92a2-1ee6375bde05,Jackie5,Ed Cummings,Jazlyn7@gmail.com,f,872e6d5e-7e9b-48f8-9029-16c98e046731,https://cloudflare-ipfs.com/ipfs/Qmd3W5DuhgHirLHGVixi6V76LhCkZUz6pnFt5AJBiyvHye/avatar/19.jpg,,f,1,2022-09-05 22:49:35.229-03,2022-09-05 22:49:35.229-03
51856daf-5c30-4421-a76e-06f1b9ad4731,Greg.Beahan,Ramon Hodkiewicz,Lola.Bradtke@yahoo.com,t,ed1550c2-76c2-4a9c-a1b7-33d4d9d2e9fc,https://cloudflare-ipfs.com/ipfs/Qmd3W5DuhgHirLHGVixi6V76LhCkZUz6pnFt5AJBiyvHye/avatar/711.jpg,,t,1,2022-09-05 22:49:44.94-03,2022-09-05 22:49:44.94-03
9448e1eb-6406-41f4-9184-a321a3fb59ed,Pat.Moen,Wade Becker,Georgette99@gmail.com,f,9746eba6-d380-418a-9977-4ac38a15b512,https://cloudflare-ipfs.com/ipfs/Qmd3W5DuhgHirLHGVixi6V76LhCkZUz6pnFt5AJBiyvHye/avatar/918.jpg,,t,1,2022-09-05 22:49:51.85-03,2022-09-05 22:49:51.85-03
0cea1072-65f6-46e5-ae6c-fd36a3aa7912,Dino52,Dr. Javier Stracke,Erling.Parker80@gmail.com,f,d7d1a13a-b567-4bf0-abf7-ffe42e1521fb,https://cloudflare-ipfs.com/ipfs/Qmd3W5DuhgHirLHGVixi6V76LhCkZUz6pnFt5AJBiyvHye/avatar/339.jpg,,f,1,2022-09-05 22:50:01.698-03,2022-09-05 22:50:01.698-03
de3af1d9-778a-42b7-8303-6ad5676d6a19,Tyra35,Irene Kertzmann,Kadin83@hotmail.com,f,7cabfdcf-97da-4281-bb01-900d8c6e54a2,https://cloudflare-ipfs.com/ipfs/Qmd3W5DuhgHirLHGVixi6V76LhCkZUz6pnFt5AJBiyvHye/avatar/398.jpg,,f,1,2022-09-05 22:50:09.424-03,2022-09-05 22:50:09.424-03
cdc38f30-3637-4e7b-b008-baea91a2d5c3,Wilfredo78,Terri Runolfsson,Lloyd78@hotmail.com,t,2d5e1607-3875-48f3-aa66-b716f8cbf253,https://cloudflare-ipfs.com/ipfs/Qmd3W5DuhgHirLHGVixi6V76LhCkZUz6pnFt5AJBiyvHye/avatar/265.jpg,,f,1,2022-09-05 22:50:21.269-03,2022-09-05 22:50:21.269-03
6e393f37-1f8f-4f85-b43f-a72d51914527,Rocio.Turner,Julia Rolfson,Adaline.Graham@yahoo.com,t,f5c8cc17-925b-4c79-8e1d-4c3c36b33362,https://cloudflare-ipfs.com/ipfs/Qmd3W5DuhgHirLHGVixi6V76LhCkZUz6pnFt5AJBiyvHye/avatar/1155.jpg,,t,1,2022-09-05 22:50:30.065-03,2022-09-05 22:50:30.065-03
98cfea6d-6a8a-4639-b19e-a6855e63af42,Patsy_Sporer,Cassandra Streich I,Tressa92@gmail.com,f,f486310e-e5a0-4d17-a5e4-581cbb98b41d,https://cloudflare-ipfs.com/ipfs/Qmd3W5DuhgHirLHGVixi6V76LhCkZUz6pnFt5AJBiyvHye/avatar/39.jpg,,f,1,2022-09-05 22:50:39.917-03,2022-09-05 22:50:39.917-03
9420e8b7-922a-44cb-b51c-db3619c69838,Hillary_Adams76,Mrs. Kurt Rice,Travis_King11@hotmail.com,f,f9e2fbda-36f9-4765-8322-7fdce17114f9,https://cloudflare-ipfs.com/ipfs/Qmd3W5DuhgHirLHGVixi6V76LhCkZUz6pnFt5AJBiyvHye/avatar/643.jpg,,t,1,2022-09-05 22:50:48.625-03,2022-09-05 22:50:48.625-03
0ee356fb-5107-482a-878c-3b9eb92042de,Percy.Harris,Dolores Nader,Ally97@gmail.com,f,2af6605b-43f6-4d9e-8782-23712407fbe5,https://cloudflare-ipfs.com/ipfs/Qmd3W5DuhgHirLHGVixi6V76LhCkZUz6pnFt5AJBiyvHye/avatar/966.jpg,,f,1,2022-09-05 22:50:56.64-03,2022-09-05 22:50:56.64-03
a0750d11-9f3c-423c-a5a1-8c551e117b43,Lilyan_Emmerich95,Loren Dickinson,Allie54@gmail.com,t,8a91613d-c3c0-4f6d-87ec-59a742b4f777,https://cloudflare-ipfs.com/ipfs/Qmd3W5DuhgHirLHGVixi6V76LhCkZUz6pnFt5AJBiyvHye/avatar/671.jpg,,t,1,2022-09-05 22:51:08.714-03,2022-09-05 22:51:08.714-03
a827522d-cf25-4327-a21f-2c725b5748a3,Earlene92,Miss Edna Ferry,Rachel.Spinka@gmail.com,f,5e520e59-2f59-47d0-b8d5-d237c29bfd5f,https://cloudflare-ipfs.com/ipfs/Qmd3W5DuhgHirLHGVixi6V76LhCkZUz6pnFt5AJBiyvHye/avatar/576.jpg,,f,1,2022-09-05 22:51:17.855-03,2022-09-05 22:51:17.855-03
9d62656c-38d4-4f70-8316-4a4fe1455197,Braulio.Monahan,Ms. Edward West,Loyal.Zulauf28@yahoo.com,f,d1a49b03-ba66-47be-854a-326750ab2a97,https://cloudflare-ipfs.com/ipfs/Qmd3W5DuhgHirLHGVixi6V76LhCkZUz6pnFt5AJBiyvHye/avatar/145.jpg,,f,1,2022-09-05 22:51:40.1-03,2022-09-05 22:51:40.1-03
3f9cae89-cfdf-4e64-be62-b4a9b41657bc,Glennie.Stehr,Jesus Cronin,Eveline_Jones83@hotmail.com,f,d808050e-bcd8-4b87-af69-c0b9641645fe,https://cloudflare-ipfs.com/ipfs/Qmd3W5DuhgHirLHGVixi6V76LhCkZUz6pnFt5AJBiyvHye/avatar/325.jpg,,f,1,2022-09-05 22:52:05.844-03,2022-09-05 22:52:05.844-03
b5bed804-0da8-436b-a43b-a9b3d656da9b,Kaylee.Ebert,Raymond Kihn,Jarod58@gmail.com,f,75689f8a-3b42-4f8b-beed-da2f4d883810,https://cloudflare-ipfs.com/ipfs/Qmd3W5DuhgHirLHGVixi6V76LhCkZUz6pnFt5AJBiyvHye/avatar/530.jpg,,t,1,2022-09-05 22:52:11.711-03,2022-09-05 22:52:11.711-03
37766533-0c47-4848-b226-3f0a1d1a374b,Laurianne_Sporer,Miss Herman Marks,Sylvia_Prohaska52@hotmail.com,t,38b545ff-10a1-4521-a325-2d413fa2c3c5,https://cloudflare-ipfs.com/ipfs/Qmd3W5DuhgHirLHGVixi6V76LhCkZUz6pnFt5AJBiyvHye/avatar/1185.jpg,,t,1,2022-09-05 22:52:18.441-03,2022-09-05 22:52:18.441-03
16bcbb96-8119-435b-a969-ab414fcfca6a,Ocie.Morar12,Rebecca Jacobson,Hollie_Pagac37@hotmail.com,f,7cf31fb0-2920-4bf5-a9c9-dee685de2072,https://cloudflare-ipfs.com/ipfs/Qmd3W5DuhgHirLHGVixi6V76LhCkZUz6pnFt5AJBiyvHye/avatar/605.jpg,,t,1,2022-09-05 22:52:28.839-03,2022-09-05 22:52:28.839-03
0c6d6a07-8870-44ec-bc53-162c6c4cd7f5,Floyd87,Derrick Hilll,Triston_Block72@gmail.com,t,1fde9bba-c713-4834-9044-f736da3f77e5,https://cloudflare-ipfs.com/ipfs/Qmd3W5DuhgHirLHGVixi6V76LhCkZUz6pnFt5AJBiyvHye/avatar/1067.jpg,,t,1,2022-09-05 22:52:36.679-03,2022-09-05 22:52:36.679-03
4f10e8cd-f5f3-4aa3-9818-05afa186e289,Lamar.Wiza,Miguel Mitchell,Felix46@hotmail.com,f,1465e055-ffc5-4e97-9c18-d088c00aded5,https://cloudflare-ipfs.com/ipfs/Qmd3W5DuhgHirLHGVixi6V76LhCkZUz6pnFt5AJBiyvHye/avatar/12.jpg,,f,1,2022-09-05 22:53:04.174-03,2022-09-05 22:53:04.174-03
